TSNE1,TSNE2,Segmentation_ref
-5.4770603,-18.42214,B
20.357355,28.675014,A
-0.54996395,-37.470924,A
27.073675,34.82275,B
-26.989143,6.8460827,A
32.66334,30.449852,C
-1.7219719,25.38341,D
45.787415,-17.210365,D
32.716015,8.812624,B
-61.09459,4.8731656,B
-62.890347,-2.6345618,D
-32.775917,1.7654961,D
34.211426,8.552205,A
-42.98994,24.322916,D
-54.702374,-7.236515,D
-1.3462691,-33.554462,C
37.646812,-7.309308,D
26.968943,14.755526,B
0.92933095,28.876282,B
53.63605,-14.188762,C
42.30759,28.413519,A
56.45324,15.71113,D
-37.408424,-32.127693,A
45.29408,28.833303,B
17.87095,34.05737,B
36.110703,29.67092,B
14.157755,-29.597216,A
-32.9528,-12.824525,B
68.18069,1.0452385,A
58.156376,22.881573,C
5.0531907,-45.22334,C
17.305708,23.507381,A
-58.748886,-10.887855,B
35.92954,9.674226,D
11.894611,31.86699,D
-17.985033,44.8578,C
21.15809,-38.014606,A
29.187784,16.001528,B
34.922623,9.55292,C
47.972828,18.701189,B
-53.216625,6.9503865,A
29.812578,35.725155,D
-47.59811,14.0139,A
48.25923,-11.828938,C
64.94755,1.3453084,A
67.24166,0.72548836,C
-22.273703,21.265652,B
27.764273,14.491538,D
-35.932213,23.983883,D
42.522564,23.05667,B
56.86833,22.690393,B
2.8754911,-45.3169,C
-20.791044,-18.114681,A
32.406345,-1.5854254,B
34.373608,36.898914,D
69.23226,11.284936,C
-42.137207,-28.3421,A
-13.463285,-25.165873,D
-21.06152,-23.181545,B
26.149015,12.897766,D
-51.160343,14.308548,C
48.109753,-22.011248,C
43.135143,22.957396,A
42.88667,-20.0802,A
20.488447,-18.386908,A
-20.659523,37.407974,D
-40.178726,-38.061325,C
70.19873,11.971733,A
-29.52839,11.718859,B
48.10536,-2.0947423,B
-24.304491,-4.590424,D
56.227192,1.8420167,C
47.714317,-22.289127,C
-34.426712,-13.789365,D
-23.565056,-22.72115,B
68.47656,11.847795,D
7.7041683,-41.997375,B
48.293465,-20.211542,A
51.15022,-10.426595,C
43.304817,-21.312267,D
-6.0573034,15.419397,A
53.25592,-14.159792,D
68.49795,0.36017963,D
-35.988163,-30.358225,D
17.155657,-36.69656,D
38.713608,12.553953,A
68.86926,12.36568,C
-35.42748,25.776281,A
-23.521576,-22.560062,D
-24.805882,28.750982,D
51.91065,23.508554,B
66.4876,11.705624,C
-43.80408,-32.38821,C
17.860518,-32.82846,A
-43.949715,-40.92283,B
42.342625,-27.348795,C
-38.550842,-38.674988,B
-58.831287,-1.2585758,C
31.440826,16.014505,B
-0.5301761,-33.159847,B
16.070822,-20.527884,C
-43.28698,-29.47063,B
15.979519,-25.721521,A
-24.48471,-12.878552,D
19.73658,-26.54933,D
-44.756252,-38.731346,A
-24.09503,-2.1746612,D
7.735907,-44.794434,D
19.756874,32.143135,C
57.260197,2.822718,D
5.00245,-50.374077,A
52.547333,-3.3268616,B
28.908085,2.295848,B
19.386362,23.640905,B
52.024464,-2.0198543,B
-0.6699901,-38.419483,B
-34.65298,-15.294285,A
-23.015255,-12.913247,D
8.762421,-43.796505,D
-41.20756,-39.443405,C
-5.5273438,-39.303284,B
4.790924,3.2093854,A
37.940132,29.675968,A
27.39441,11.623534,D
8.813815,-32.441784,D
30.11426,11.585861,D
40.06142,-16.790071,A
56.033337,15.723419,C
-25.750149,-12.405154,B
-21.577808,21.561419,D
22.650452,21.941124,A
65.41465,-0.7869777,B
-61.277615,-2.2458806,C
30.724194,6.770987,B
68.61156,-1.0487946,B
-23.958242,-16.360079,A
68.09328,10.836523,B
69.96614,12.684171,A
32.232815,13.409982,D
56.832855,2.57642,B
-54.114662,-6.0240273,A
44.199028,28.711409,C
32.228092,-1.4559051,B
-4.6230087,-41.318718,C
14.4573555,-0.1687492,D
19.791092,-19.446625,A
-39.54458,24.62319,A
12.025375,-26.88721,B
-17.3731,3.8338141,D
2.494659,-49.617737,C
-21.347477,-28.93854,A
43.869305,-20.49308,A
45.28796,-16.253778,B
1.3042309,28.82563,C
18.527248,-32.379288,A
0.200262,-30.858559,D
-9.142564,-42.78235,A
-57.002922,-12.91165,C
1.6812274,24.701982,A
1.2532275,-27.909986,B
-38.43767,-35.775562,A
40.763683,-13.056538,A
44.95722,-22.11469,B
-0.8621835,-0.20917624,B
-35.16682,0.84986776,A
-3.7546325,34.195602,C
5.6214647,-42.178978,C
5.121791,-41.06793,C
68.28146,11.745471,C
-25.371708,-21.055082,A
-5.2160397,-42.286232,B
67.96823,1.4623419,C
29.98272,33.945652,D
-20.454023,-13.006905,A
55.821987,14.586006,B
-49.781536,-27.576834,B
55.14829,22.732437,A
14.026339,-29.704695,D
45.3335,-21.36869,D
34.31749,11.367823,A
18.103445,25.365244,C
-4.71335,28.810616,D
-25.972198,44.915974,B
46.673347,18.993572,C
-40.35422,23.077858,D
-21.500582,42.19965,B
-41.64422,-26.261946,A
4.93921,-51.31692,D
-0.83409935,35.453434,A
31.24582,-0.7789664,B
39.43278,37.812237,C
-1.3132154,-43.3335,B
42.10808,-11.209901,A
-17.13004,-4.566701,C
14.277617,-2.5834076,A
17.636982,-35.866108,C
47.81093,-14.247099,C
-24.609243,33.90504,A
17.940565,-36.573906,A
30.576885,11.808065,C
-62.1621,-2.8859203,D
0.50202453,36.21543,D
55.756752,1.8952687,D
67.63658,2.0149946,A
17.576124,17.562412,A
-22.838108,-31.538763,D
-63.601482,-4.6215243,D
-30.462454,4.9385023,D
-41.03283,-24.834604,C
27.553055,0.11881593,B
-34.895542,35.288803,A
0.2048976,40.122498,B
-11.549329,-0.04282317,D
63.68971,3.806565,C
-32.693813,28.443047,D
-33.02413,9.258819,B
32.232796,13.409088,C
-41.864826,-38.83448,A
21.572899,-42.253983,A
17.45826,7.946343,A
-5.583743,-43.120384,C
-57.315525,6.5462594,A
-41.853436,-28.418661,B
16.936596,-36.267033,A
17.1334,5.3676467,D
65.1158,16.062408,A
51.904728,-1.9010715,C
11.360467,33.283543,A
-60.782555,-9.280121,D
18.254404,-38.401,D
27.500624,38.15234,D
-59.88644,4.954826,D
-63.507137,-1.288229,C
-46.015297,20.991755,D
9.986431,-48.593918,B
1.0172585,-30.618813,A
58.029915,16.124765,D
-26.921871,3.1452742,D
68.840256,1.9603679,D
4.6123834,-5.940272,C
29.813536,16.327564,B
47.649815,-12.796491,C
42.226017,29.411572,B
52.419674,-18.976574,C
65.40025,3.7173555,C
0.20181657,36.01101,A
-46.73065,-0.8777279,D
-46.506298,20.454157,D
-2.1192875,-18.982975,A
-4.7392445,-37.24794,B
-23.04349,-5.250439,A
-14.907274,-16.284477,D
44.308456,17.723862,B
-40.444935,-39.713524,B
-22.919743,-12.567115,B
41.989887,23.014532,C
6.1376696,8.406461,A
16.997969,0.7167104,A
-15.4871645,31.09866,A
12.199172,-26.343748,A
50.19239,23.69474,C
44.86386,29.65867,A
-13.322154,-17.23299,D
-49.21111,12.0327,D
-17.110752,-4.570814,A
9.874981,-48.646484,D
14.837193,-41.229527,B
-41.267296,-39.204308,C
-38.666737,26.038815,D
15.50467,-2.227057,C
-14.270918,26.59503,A
67.24166,0.72548836,B
64.74695,1.1966112,A
-20.980957,-25.975252,D
47.89998,22.03499,C
-27.263931,3.6082036,A
70.87833,-1.6015406,C
-29.585918,-11.616191,A
2.8818753,-6.8843584,A
17.05232,8.155139,D
16.083187,23.761564,B
-0.14175975,-32.6035,B
19.859646,-39.85916,C
21.219347,-38.65526,C
-47.47529,13.303462,D
-43.37221,-35.115185,A
-48.213234,-33.15129,B
45.012108,26.908945,D
-20.043158,42.216995,D
-19.580576,25.565456,C
19.585907,-35.282112,A
40.837494,-19.83128,D
-21.490631,-27.47836,C
0.44668317,27.922953,D
-0.4882527,27.566608,B
1.2364174,29.027143,B
-24.028717,-16.316214,A
-14.642956,32.960693,A
-38.678486,-38.229942,A
-23.257887,-25.856943,A
-41.997776,-28.442965,B
-17.331905,-22.668203,A
-16.31137,29.087124,A
18.915426,-39.224815,D
-19.149725,-4.580434,B
-40.455204,-28.93508,B
16.874313,-2.8477151,C
8.732534,35.098427,A
-44.613102,7.7262974,D
-22.06426,-5.9135456,A
15.716403,-19.10448,D
-20.302715,36.72222,C
-3.7668798,34.21189,D
16.140152,-35.67571,B
5.091261,22.567554,A
20.587664,-37.923717,C
-2.0909767,-30.415031,D
17.19853,-19.179398,A
-15.762061,30.348225,A
-7.401736,-44.6736,D
14.769956,-39.427963,B
-15.8919,2.513498,A
-46.24496,-37.1567,B
-17.42342,-1.1005232,B
-20.580322,43.732677,A
-5.5578084,-17.95478,B
-21.633858,-22.014914,D
-22.486048,-2.5180614,B
19.610659,30.45042,A
50.08088,0.92547524,B
58.22533,13.408076,B
-15.934896,-27.564377,A
-5.694863,-42.62944,D
14.651375,-32.64133,B
-45.93314,-36.301666,A
-27.587002,37.641617,D
-43.282196,-33.844643,D
-12.675336,-21.102238,A
-4.7439427,-37.35107,A
33.91877,6.8259926,C
22.213552,11.717634,B
18.021616,24.89888,B
-23.428072,-24.50891,B
7.6931,29.304054,D
0.45380846,-30.501585,D
-1.8659924,-29.342197,D
-48.753723,-22.87865,D
-18.85728,-4.386176,A
-25.198711,-21.899572,B
-2.1650817,36.9947,C
18.58371,31.095211,C
-36.42728,-15.442174,A
0.015478286,35.551838,A
-15.394359,31.997242,A
-18.071281,-19.187458,A
35.83434,-9.791109,A
27.587692,-6.6349072,D
4.864667,-4.3779807,D
-15.956736,23.634445,A
-36.993687,10.911587,D
-38.02632,6.024123,A
-37.870884,8.66183,D
45.535187,33.663322,A
55.446617,1.3576635,C
-25.407837,33.000153,C
-36.816875,8.699072,A
-39.752552,-39.916267,B
-37.89735,8.383507,D
-21.175594,21.735498,D
-40.63359,26.138418,D
-23.687714,-16.546915,C
-20.881325,21.867094,A
-22.016306,37.715134,D
13.476492,-34.536133,A
-25.171839,39.029938,D
-2.9409018,-20.954552,A
1.817103,25.728806,A
-7.037808,25.311653,A
37.894737,-22.99032,C
66.403305,14.0842085,A
-52.973083,-14.032367,A
-61.610195,-3.0654986,A
-4.465538,29.148119,A
-20.572065,37.439823,C
-35.032936,36.395935,B
-25.085737,38.808983,B
18.26738,-33.517506,B
18.916836,-33.16892,B
37.652668,35.395786,D
-12.359767,29.426336,A
-7.94284,-44.0926,B
-16.696358,-23.547388,B
-1.5347608,-29.810368,A
-27.056133,31.130741,B
-2.1331162,29.072805,A
-21.65085,37.837227,A
17.155657,-36.69656,B
43.188988,-11.223699,B
-23.696037,-28.608942,B
-20.00041,-23.68911,A
52.470688,3.359716,A
-25.134716,40.363045,D
-40.166267,25.728521,A
-32.224014,25.776394,A
7.5158844,12.9391,B
0.10572806,40.235332,B
-24.147219,45.612663,B
-21.73839,37.909584,D
-19.639776,44.793354,D
-33.586266,25.758612,D
-18.429058,-26.861301,B
-18.064116,43.339844,B
-32.655678,25.64501,B
13.669297,34.416393,D
13.466751,34.006832,A
-23.647537,-23.252632,A
21.738842,20.936762,A
-15.822786,-27.498613,B
-61.092182,4.873733,D
-57.897774,-16.177488,D
0.78781724,-25.270462,A
18.694956,-24.190598,B
-1.5310928,-23.898014,C
0.09282263,-31.001177,C
17.292048,33.929104,B
-23.222288,-21.237526,B
-20.282885,-17.348545,B
-18.037085,31.447794,A
-16.714308,26.2383,D
-16.983662,31.900558,A
-2.3795826,37.239697,D
-22.514158,-5.238902,D
-18.248041,43.011887,B
11.027155,35.34615,A
-18.021896,31.500612,B
2.9892983,42.81118,B
-25.345158,37.994106,D
-27.0492,-28.270275,C
-13.243053,31.204716,A
-27.854946,-19.632874,A
-8.128411,24.475649,C
-20.174551,36.49283,C
15.579454,-26.13482,C
-19.830345,-24.473516,A
-25.347591,33.118946,C
-26.764668,-28.26246,B
49.129513,23.5864,D
-20.164488,-12.976372,A
45.33523,19.65782,B
-21.976278,42.226234,D
-20.665659,14.646141,B
-20.739891,-17.44032,D
2.657064,-46.196613,D
-57.959084,-16.14915,D
33.820385,31.525875,C
-18.467098,-16.379587,B
-40.445,-39.713345,C
-19.60542,38.34317,D
-33.40405,7.033411,D
8.747394,-9.825869,A
43.165745,-20.136162,B
-46.86332,0.70004195,D
12.230379,-0.36699224,A
-44.680557,7.5654006,A
-36.424503,5.3585596,D
-32.255592,27.846434,D
-40.674255,22.163702,D
-32.64753,31.374191,D
-52.6655,2.6192596,D
12.383346,1.5847625,A
-26.801067,-14.5389805,D
-52.829754,-2.3626056,A
38.437675,21.84209,A
7.7383084,30.994526,A
-0.6781706,4.960865,D
35.603294,-8.136976,D
-1.7728112,-44.290962,B
54.651665,14.548181,B
-3.8934433,-44.672436,D
35.452805,-8.226325,A
-15.714748,33.79239,C
40.03319,-9.288662,C
26.052217,1.5518837,B
15.522258,23.794165,D
-3.832565,-27.313375,D
-5.943343,-25.850048,D
-19.305786,11.215146,C
-24.14494,4.669714,A
33.50199,-7.2588077,B
-52.95151,-2.5796468,B
-26.914438,-14.49587,A
-46.501873,-34.858032,C
-19.979994,7.005691,D
-51.801792,3.421029,B
11.510972,-12.875887,A
-48.706112,-30.748816,D
-54.24109,1.1241874,D
-21.295013,8.269457,D
37.160145,-7.4339414,B
13.683389,27.647505,A
-54.925964,10.130021,D
-17.230505,24.89259,D
-33.840923,-18.57219,D
21.536804,-22.779402,A
-42.00651,-30.28145,A
0.26789063,-49.82435,D
65.61098,15.764003,C
27.125086,36.363438,D
-31.688723,7.348229,B
39.013977,20.008102,C
-34.6141,5.924368,A
-22.370237,7.4972754,A
-27.694391,-18.122961,D
28.521784,-19.63845,A
0.32914615,-49.832092,C
-21.314236,5.7838764,B
13.446281,-19.552526,A
-32.45726,37.928055,B
-1.2596644,35.484455,A
10.499575,34.378284,D
45.1758,-25.584826,A
-14.250802,26.58797,B
-33.514645,37.99484,D
-17.792068,-18.741196,D
-20.217716,11.317128,A
-3.2638566,41.821865,D
7.766932,32.22746,C
-32.436665,36.78749,B
-20.686966,-26.011795,A
0.67993665,16.196594,A
-31.258354,24.282127,C
20.50502,-31.474201,A
24.38249,-5.6159844,B
-3.8833156,-44.696293,A
42.5559,-20.980736,B
11.844183,-1.9452034,A
23.40795,21.357157,B
41.917538,27.156279,B
-5.9316874,25.951897,A
-36.90631,-27.638094,C
16.35995,28.733072,B
-18.743692,1.2129623,B
27.223928,10.600873,C
32.488197,12.9331,C
-57.90988,-5.518106,A
-38.55429,-39.54471,C
68.64201,1.807952,A
-33.85937,-18.545616,B
3.4539595,-52.00107,C
-49.57911,-21.38317,D
20.20965,-26.596174,D
2.9359314,36.01704,A
4.9132924,-42.364918,B
55.243587,22.750418,A
62.60668,-2.1004393,A
69.700806,1.137612,A
47.460835,16.922716,A
19.026981,-33.374695,A
-42.46685,-20.46229,C
-52.955322,-13.879718,C
9.108203,-1.4541168,B
-60.800674,4.143828,C
-13.432527,-25.045097,D
-38.86745,-37.202957,D
4.2573643,-50.92667,D
17.235468,-26.157713,D
-26.99755,6.6615386,D
-37.58288,-34.278645,A
18.760696,1.3897418,D
20.094213,-34.898888,A
-52.47423,-16.199274,D
19.731365,-19.502577,A
17.627098,20.830362,C
-55.199356,0.14678381,A
-42.36798,3.2928393,B
-47.50158,-28.77975,C
-32.393314,-20.473864,B
1.6680186,-24.870157,B
52.12754,-17.660614,B
15.147318,-1.5801328,D
-55.93758,-0.45758313,D
3.6254492,41.232674,B
11.186939,12.684133,B
-46.240402,20.998655,B
18.442692,7.148746,D
-41.078346,-26.392492,C
-38.819565,28.081963,A
-39.120617,-26.267195,D
-46.46651,-34.934174,A
69.746216,13.783394,D
58.718227,16.530996,A
30.7902,12.456795,A
-41.65672,0.5122416,D
32.28986,9.122655,C
-23.853952,-2.2944539,A
2.732943,-51.826862,D
-51.829098,7.061234,A
9.172728,-14.585025,B
-55.942394,-0.47637054,D
29.743832,36.159718,D
-25.386726,-20.271679,A
7.223401,40.509113,D
56.688828,23.305706,C
-60.112812,5.3282676,D
34.30519,31.73531,C
4.174465,-44.510563,D
11.651115,-5.925505,D
23.549658,-6.206494,D
20.011814,-8.342364,B
-58.829575,-1.2183924,D
-32.94921,-16.599888,B
33.26374,10.500941,C
-48.94627,-32.336147,C
53.891987,14.29968,A
-16.232082,-28.450897,B
20.917274,-10.655777,D
-43.204903,22.484041,A
17.286171,-42.291073,D
54.515488,14.515486,D
4.586852,-50.603134,B
-33.472267,20.442394,D
3.0398607,42.70032,B
-35.968517,5.5519967,D
38.395115,22.372261,C
47.43396,-4.852473,C
31.972181,24.595377,A
-49.0761,-2.5461547,D
1.3208168,-1.014265,B
-47.325066,3.3440938,D
28.346209,-18.738607,A
44.524067,18.921701,C
35.939816,28.0898,D
65.16775,-0.9386404,B
37.152428,37.159454,C
22.104843,-19.38401,C
5.538252,5.570245,A
-34.127472,5.9782343,D
-41.551422,24.009756,A
-19.60724,7.050594,D
39.408684,-8.559284,C
-31.823032,7.3322544,D
2.7324145,34.740074,B
28.339542,5.5886326,A
35.839813,28.362707,B
-27.644527,37.842934,A
-34.523922,20.951674,C
-52.815712,-2.3588324,B
-45.76621,4.9069533,D
-47.57509,2.8051174,D
-41.381836,25.693556,C
51.904198,-12.779261,C
47.629997,19.159832,B
-1.8920056,-20.432741,A
-32.407436,36.60862,A
-53.576485,-0.6165049,A
-28.823666,-29.481894,D
-32.65251,31.185442,A
-0.81843084,41.87601,C
-3.8230383,14.121343,B
-16.402224,24.883297,B
-29.07547,7.3695045,A
25.666218,36.8339,A
8.713067,-10.125632,D
-5.9957557,12.8110485,D
-54.2519,0.9461115,D
-52.078644,-0.32105368,A
-42.759132,24.123598,A
-57.928898,-16.158543,A
-8.202973,-43.89892,C
-21.09679,-26.919603,A
-51.303455,-24.30392,D
-27.7841,-27.79235,C
-59.871002,2.6946075,D
-20.939175,44.551052,B
1.4591864,-3.1976867,D
-35.628075,27.861177,C
-26.986176,6.811607,B
-32.081264,26.928583,A
19.433683,-33.88164,A
-21.211864,7.2677407,A
47.62658,-2.1601105,A
13.158855,-18.663715,C
-25.09269,39.778072,A
-44.059883,-19.289036,A
-4.7266383,28.808758,A
17.10415,-26.073658,A
23.756681,-24.437674,A
-23.694767,2.946242,B
-27.614748,-24.013336,C
-4.1122885,-24.969715,D
-44.081852,0.16643654,B
23.91456,2.692527,D
42.18991,-13.836733,B
-37.504837,2.579685,C
0.75846523,-25.318516,B
-43.965324,3.7742116,B
-46.65539,-3.6713524,B
69.51708,12.985335,C
12.041365,-47.97803,B
5.236099,-52.907513,D
-47.209293,12.370809,D
-26.926098,-1.9372756,D
-62.481277,-0.98360246,D
70.08968,2.9136198,C
56.76131,16.54075,B
67.798325,10.851797,C
-33.9028,27.937658,A
-63.489285,-4.840401,D
-29.005104,2.7578475,D
30.849451,15.924617,B
29.237616,11.302387,D
17.155142,5.3461833,B
-25.304628,-21.90225,B
27.01486,13.811698,A
10.915246,35.48623,B
-18.499529,-24.844084,D
-21.775896,-24.195423,A
27.140701,34.89475,D
20.691677,20.30612,B
0.44682178,27.922937,D
16.562748,-26.667828,D
-50.629658,12.28143,D
-48.95217,12.870449,D
-42.165802,-27.191465,B
-48.744446,-22.92281,D
-39.776245,-39.7232,A
-49.70953,-27.78587,D
-43.890205,-22.239937,A
-1.5219349,-33.82867,B
-19.479061,43.190544,B
-47.38243,-27.907307,B
48.30334,18.745491,A
-49.054897,12.405915,B
-59.00934,4.59485,D
-29.906456,-11.162803,A
22.876244,-26.409557,A
28.603348,11.283761,B
-39.948784,-33.128338,D
18.676214,24.756418,A
-39.858707,-39.132607,B
41.756603,-19.350864,D
23.250296,-9.309872,B
26.70485,13.494223,A
33.69105,11.004318,A
35.91226,7.328859,D
18.48285,37.26461,B
-17.647017,-1.1568164,B
-9.239539,1.7821945,A
-17.278437,-23.233974,D
22.896473,-26.311398,A
18.371885,26.73852,D
10.752927,-37.715,A
27.321262,-6.6484084,C
17.860909,-32.829376,A
22.03691,10.664265,D
46.665337,-17.689016,C
52.72177,-1.8370132,A
-18.65333,44.506767,A
13.048302,4.063124,D
49.41451,-4.3523912,B
-20.595594,41.152737,D
18.814133,-34.270523,B
-59.213657,2.8518043,C
22.944149,-8.384266,A
39.762226,-8.767662,C
47.836185,18.661648,B
44.97718,28.88103,A
17.116734,-20.829426,D
7.3191404,-42.780518,A
14.364958,-29.460821,D
16.8266,-34.32224,A
-35.677242,-37.19649,A
-1.1413103,-42.56256,C
-24.752722,-12.845431,A
-39.215797,-34.187588,C
38.021713,-22.980972,B
23.453089,0.4944741,C
42.04473,33.95045,A
31.515432,12.702712,D
46.21242,-17.378748,B
-48.56451,-24.565336,D
11.878218,31.872423,B
-23.445415,-21.891861,D
14.702834,-3.212586,D
-27.705091,31.654444,D
-43.81923,-23.352459,C
-38.41963,-39.371822,A
39.297997,34.642555,C
37.314175,-15.571456,D
44.084732,33.694046,C
29.243195,12.140391,C
13.43122,-34.639263,C
-54.45863,6.517841,D
42.1847,-26.668665,D
10.191468,32.823162,D
46.133102,-23.597893,B
43.83524,-21.641308,C
10.641854,24.275818,B
-62.00392,-1.6588824,D
21.785244,10.267723,C
-39.308453,25.00775,A
38.07478,35.93254,B
-21.201702,-13.084524,D
-49.671207,-22.871414,A
-23.077164,29.664955,D
36.366806,34.961376,A
-36.57291,-15.134715,A
21.051655,-37.73176,A
-13.392715,-17.091494,A
-42.55331,-20.247557,A
43.450237,-19.332172,C
56.06527,2.3671353,B
15.201869,7.2540364,D
-28.660587,1.5367956,A
57.685177,16.946575,A
-39.979523,-33.09357,D
-23.431255,34.838383,D
20.790451,37.419052,B
-12.975572,-21.136597,A
-54.476658,-6.971928,C
-0.5986755,-27.422564,C
-13.376602,-16.632223,A
-25.23719,-22.744148,D
15.392118,12.688093,C
45.577053,-17.105402,A
32.87203,10.196545,B
47.55239,18.601473,A
-31.025497,2.0727348,D
32.580494,-0.8258785,C
41.02147,-4.1048694,A
49.251053,18.79867,D
-40.31691,-37.760708,C
14.169394,28.81696,D
69.03724,0.6751543,A
69.997955,11.763363,A
-10.042997,-44.828617,D
52.96115,-4.423121,B
-5.597382,-41.923874,B
68.011444,12.540888,A
-35.18895,37.40252,D
-37.25744,14.273039,D
-17.237173,-16.597929,A
-26.747883,2.9198232,A
-36.8118,-31.687853,B
-20.820072,-24.571875,D
-26.405828,29.883785,A
17.178879,-42.143402,A
-33.282864,-8.970683,D
-26.556736,-2.4008405,A
19.645746,30.50147,A
-3.1903164,29.789932,A
-49.13028,-24.333368,A
17.86081,-32.829025,C
51.15247,-10.433242,D
-19.378761,-29.302227,C
-56.76971,-13.048808,A
-44.547024,5.4148693,A
-6.1928368,9.572889,D
67.805534,11.702269,D
-20.364044,43.92014,A
-42.793224,3.4338276,D
67.462296,11.99487,A
-44.242966,-21.261509,A
28.317621,1.4497077,B
-31.80695,-7.6255393,D
-30.617172,-21.932236,A
16.89593,-35.918056,A
30.535381,35.936752,D
-33.16441,0.15009566,A
-20.093592,29.777573,D
22.323198,12.563339,D
-22.47654,26.787352,B
0.51353306,34.511898,A
-21.757168,-23.487968,A
-50.571106,12.390604,A
5.190428,-50.321274,A
16.070822,-20.527882,C
-12.823327,-20.886,B
-35.901287,23.990915,D
56.35044,16.333181,D
-21.68776,-17.397715,B
-1.5334208,-34.423817,C
-49.055485,-24.289373,C
25.772345,-6.9365606,A
-19.909212,43.988674,D
-54.513885,6.8862786,B
-27.592072,8.10141,D
-28.351597,-27.700224,D
-29.243793,3.1431623,D
-44.309036,-27.767302,D
13.407265,3.9433324,C
46.303757,-8.4949,B
-47.44077,20.78822,D
5.5465117,40.862988,B
-35.204693,28.883635,A
-44.45275,-20.694426,B
41.849937,-19.74959,D
-2.819491,-3.0082667,C
44.003235,-24.035122,C
22.82348,-9.5264635,D
12.160076,34.30938,A
-15.073957,25.59298,A
-55.120365,-11.949492,B
-52.969807,-14.152668,A
-42.523712,-27.975159,D
-20.471615,28.777105,C
-55.61314,5.938094,D
-17.667452,-24.694,B
-29.387638,2.2283235,D
-47.319077,2.4642048,D
19.586033,-35.282166,C
17.47881,-31.503368,D
-4.020625,26.850136,A
44.601067,-21.008135,C
30.811438,6.5775175,D
41.133068,34.6646,B
-20.952238,-23.704645,C
52.734715,-19.89819,B
-19.34648,44.08019,A
-46.36605,-2.2712867,B
-56.50066,6.090296,A
19.617191,-39.879482,C
-32.551273,-21.634739,D
25.943502,12.688651,A
-20.178522,42.85421,C
-46.833492,2.9021144,D
-31.52142,-21.35882,A
-13.012537,-18.955086,C
-18.594818,-16.435966,A
15.13671,37.116184,A
39.06821,-19.578478,D
4.0668235,-44.893894,D
17.51205,20.36866,A
-59.73519,4.683683,D
42.37373,-27.160843,B
-37.555058,-34.163807,B
5.9332747,-6.3294554,C
17.940218,26.747795,D
-23.4315,34.838528,C
4.148774,-45.696278,A
-20.179768,42.853954,A
68.687004,2.9520233,C
-19.489216,43.97356,C
10.319504,22.504984,D
37.248386,33.33454,A
62.563023,-2.169681,C
29.088793,-0.6962519,D
0.68573487,16.219925,B
-23.445444,27.147741,B
-33.814438,-7.6424236,C
46.300774,-8.493287,A
-25.455967,-1.0948516,A
-17.70546,-24.489347,B
2.76742,7.304517,C
8.648251,2.9493625,B
3.04078,6.2734504,A
-19.275272,10.424493,B
-1.4263824,-23.344622,A
-31.227077,-12.147816,A
32.994602,25.490368,A
-26.858963,9.836143,D
-30.706533,11.02267,C
-7.7192106,-5.451819,B
0.116471104,-20.31864,A
-48.663414,-1.7467386,D
5.0517573,-8.854198,A
-6.9323235,-5.936575,A
5.302187,-0.11593004,D
-33.2454,20.734055,D
-46.37593,4.079644,D
-44.535442,5.030758,B
-24.806107,25.754148,A
33.307156,25.730453,B
5.53555,1.5021058,B
10.73449,-13.288082,B
57.42431,16.829,A
2.458499,-4.771056,B
68.18111,1.0450088,A
-51.924133,-10.753098,A
51.07535,-14.203329,B
67.62178,12.602396,A
3.652813,-49.89874,D
-61.431267,-2.0876305,D
29.467266,11.353813,D
26.65329,14.459374,C
-48.768906,-22.804451,A
-53.516033,6.820021,B
-48.17009,-22.92952,A
19.590054,-34.14967,D
38.83635,12.978347,C
11.82964,-27.258884,C
18.331528,1.4269698,C
-20.701683,-16.89272,B
-27.560911,-23.435701,B
-19.87916,41.234535,D
29.88429,11.520048,D
24.143648,-29.820032,C
63.26079,17.06655,B
-49.710022,-27.784298,B
17.732367,21.277481,A
42.363075,-27.404583,A
3.515467,-6.2834306,B
-20.915382,28.532217,A
24.122519,-2.5757868,A
65.11856,16.064043,D
15.891328,12.570614,B
0.53040767,30.753593,C
35.123337,8.146241,A
9.156123,-14.614455,D
-38.48059,-26.44856,B
17.657393,1.4167259,B
57.72704,22.412514,C
40.43525,-18.973677,A
32.862247,34.62448,B
63.371933,-1.7194672,C
55.816338,23.076342,B
-31.338123,-23.548746,A
-34.954865,-13.196474,A
-9.943945,-4.29104,D
45.16994,18.058983,C
31.282707,-0.809347,B
32.391323,9.942475,C
-40.462852,-39.12525,D
11.547178,2.6523674,C
-6.604307,14.146219,D
-15.319689,30.799408,B
-55.60032,-9.1858225,D
-48.487778,-24.459745,D
-38.704514,-39.004917,C
55.52145,16.502966,A
-10.471898,-0.025363205,C
26.978182,-6.588851,C
4.371695,-45.62421,D
-63.17796,-1.4427621,D
-61.204582,4.57091,D
-40.304176,25.413906,D
-64.524,-4.4569025,D
-51.656666,6.0608916,D
-49.09186,-2.5321867,A
-51.626106,13.712461,D
-53.396328,6.897509,A
-47.064754,20.972757,D
17.285137,5.0177,A
-40.534405,-38.741478,C
2.68987,-40.49061,A
-9.521627,-3.1535122,A
-48.138195,-21.913555,A
-36.212788,-30.688297,D
19.723372,9.042202,A
17.702185,6.372023,A
42.68918,-26.78584,C
37.6644,36.085556,C
0.1855853,-0.27788734,B
0.24218078,4.366668,B
17.86144,35.27438,C
-34.206654,3.7839417,D
-47.117306,3.1783612,D
-33.628166,38.30583,D
5.3405385,-0.19548592,A
-5.078995,-21.652437,B
41.849937,-19.74959,D
48.443756,-12.465139,C
-4.9893804,-18.483261,C
64.21372,-1.971896,A
-29.2299,-11.889512,A
67.00626,11.736664,C
52.380566,22.343939,D
9.803491,27.734554,B
-4.2167573,-27.361967,C
-44.41512,-3.5650115,B
-45.79259,4.920266,A
43.39426,-18.658186,C
44.60077,-21.007603,D
-5.9341145,-6.5839543,D
63.99067,3.4947205,B
16.207499,26.57269,A
-12.858609,-20.838524,A
-4.99298,-1.2565919,A
66.11386,3.4330344,C
-30.952284,24.487896,A
-27.590208,26.235153,A
-28.517075,11.369626,C
10.230776,4.6487503,D
1.7169094,6.607956,C
-7.501126,-7.1206408,C
33.578426,26.002647,D
1.000866,9.66345,D
2.6517203,8.225583,C
-43.55938,4.576188,A
-47.624985,2.9586537,A
44.431927,24.062288,C
-39.96358,-33.11216,A
-33.28849,-5.837454,A
2.4036338,7.461382,A
3.755495,9.318636,A
41.26569,-4.265823,B
5.616866,1.5484059,A
10.149125,32.831497,B
-17.9077,-23.105766,A
52.963932,-5.593112,C
44.69107,-17.946861,B
31.881773,1.1226084,D
-7.2417655,0.793737,A
-29.274446,11.0640135,B
-43.68991,25.5963,D
10.839582,10.341439,A
43.434696,22.861458,A
16.704067,6.2958817,A
8.9325075,0.5074181,B
33.12397,37.038696,A
67.00072,-1.4078889,A
-23.126799,20.59078,D
23.794174,-24.42264,A
-28.836567,-0.63075626,C
13.630923,36.11872,D
69.64395,1.6859443,C
-63.01068,-5.2260823,D
17.77097,36.20626,A
-0.026367625,-29.66313,B
10.5208645,10.73901,D
-6.311085,14.657197,D
-32.750366,-15.026231,D
19.590544,-34.148613,C
-53.366714,0.5568905,A
-51.931812,-10.771219,A
-38.643745,27.934181,D
-24.17903,3.0992403,A
-25.535421,3.6489456,D
-23.347118,0.36864662,D
-59.392647,6.4294257,B
43.016403,18.686052,D
-46.01526,20.99196,A
28.974798,12.056956,C
38.773003,-22.779814,C
41.67978,-7.235431,C
11.87363,-1.5757446,B
15.576813,0.3202757,C
-61.626274,-6.925917,A
34.466923,28.92986,D
-17.567772,-14.270102,C
27.20801,36.697304,D
-3.6848392,14.254713,A
-6.3939123,-41.73309,C
30.291372,12.3882265,C
26.44829,8.66118,D
10.586951,4.2134676,D
-55.199333,0.14679746,B
-21.574541,5.716078,D
18.867508,-29.641209,B
4.534261,-20.935917,D
-39.287964,23.923494,A
17.733608,16.402977,A
31.819132,9.614152,C
-60.791565,4.1507616,D
-64.26189,-4.8806252,B
-62.338062,-1.7279532,D
-27.470171,33.189148,A
-25.126328,39.75289,D
11.410308,-28.394548,D
8.563923,-0.01137236,D
-12.2926035,29.541126,A
15.174632,-2.2699594,D
-0.41952932,41.17615,C
49.66906,21.434807,B
-9.242904,-2.7056634,D
-24.53398,42.962273,D
-61.44032,-3.0940356,A
27.575373,6.3436737,A
27.659206,11.1229725,C
27.62114,-7.540566,A
-35.249813,28.975134,A
-26.340096,-18.781809,D
38.749348,27.997211,C
8.27203,40.58103,C
-1.1797621,4.983428,B
-33.662186,37.415977,D
-20.52354,-13.014362,C
3.5490687,-42.579918,D
31.93883,34.872784,C
5.286597,-50.914433,B
16.486544,19.305113,C
-57.156685,-4.3736706,D
24.556547,9.018319,A
28.510155,10.542156,A
68.29076,0.2849939,A
-5.9870615,-35.253048,B
37.98391,-23.080172,C
-34.17365,38.019585,D
17.034311,0.6323079,B
67.25283,10.683208,B
56.458344,2.0076613,D
-41.895123,-10.454407,B
47.66749,-3.6443293,C
16.558771,7.5721426,C
10.857471,10.364782,A
10.556257,40.407986,B
21.738499,20.9369,A
8.818853,-32.469975,C
25.21632,10.520268,B
1.629717,39.34244,B
-40.534855,-38.741547,C
-54.057568,-6.1285086,D
39.297764,34.64445,A
-26.5917,44.34211,D
25.034428,-5.4085803,A
27.532225,38.331047,A
58.15261,16.31278,C
57.17165,22.634663,B
-3.589137,28.23478,D
-26.387579,44.553726,C
22.808992,-26.647835,B
-26.620354,44.334087,B
44.5582,-16.563622,D
-15.185785,29.978613,C
22.487082,-31.505363,B
-60.828197,-8.994256,B
-19.42889,29.725088,A
-21.779667,-24.934309,C
-16.849367,33.14138,C
68.829895,12.979822,A
31.449736,35.89325,C
7.6426373,8.212184,D
2.9149978,36.03004,A
17.944143,28.552767,A
-24.174532,-16.232271,A
3.4539595,-52.00107,C
-33.522373,38.432728,D
-52.573383,-12.213618,A
-10.127269,-6.1586447,A
-5.22053,-42.49577,C
54.07384,22.035105,B
50.60704,-2.7466261,D
-28.641577,-27.304802,A
8.240889,-40.965874,A
18.427694,6.8275213,C
-20.832703,7.047555,A
38.3145,34.10734,D
-27.909286,-12.549478,A
10.284559,40.35027,B
37.252674,38.29663,B
28.914795,16.869411,A
-19.931545,21.796242,A
17.178879,-42.143402,A
-10.500407,0.27698714,C
68.64201,1.807952,B
-3.4545748,26.03618,A
44.0028,34.432514,D
-59.00258,-15.863204,C
17.89302,26.394287,A
42.390995,-27.22377,C
-13.17628,-20.849558,D
-37.592953,-10.534358,A
11.452141,-3.2429316,A
-45.944214,-36.28294,C
-6.5688667,-28.79388,B
-7.2271624,0.050779816,A
30.127678,1.7592845,D
0.21012998,34.86458,A
0.4513618,4.3677316,A
-27.666628,37.829742,A
-5.9981904,-35.25602,C
2.2424035,-24.902582,D
-28.577837,11.79899,D
-33.247932,13.12036,A
-52.840218,-13.282764,D
-21.734982,-26.538063,C
10.306875,40.3729,B
8.683114,-14.144521,A
13.888328,3.7366476,B
-62.086693,-1.2866086,D
37.02202,35.66265,B
6.6860776,8.306301,A
-19.991322,13.811249,C
-9.4167185,-6.8630996,C
16.722748,29.707735,B
2.7656667,15.392984,C
3.0563667,-12.491476,D
-57.957157,-5.560715,A
46.070774,-16.439238,B
5.602932,-51.298103,D
32.860413,13.511346,D
47.521713,-21.832827,C
3.4333649,41.719265,A
20.902214,-10.724935,A
2.2788165,-4.7978125,C
16.075554,29.107944,C
12.349448,1.6873801,A
-5.8084607,13.230163,A
-6.57726,-28.82043,B
20.256989,24.140562,B
39.60527,29.509094,C
49.426365,-4.678949,B
12.477835,-21.056541,C
69.08726,1.0801166,B
15.402133,-25.946854,D
-36.969673,10.896817,B
-60.798527,4.144648,A
-4.9773145,-18.535416,A
-33.25317,-5.9800906,D
-45.375015,-32.078808,A
8.689197,-10.415368,B
-30.45015,6.617638,D
4.9056754,6.8887143,A
-4.920004,-21.699709,A
-36.844837,-13.9171505,C
-23.48298,28.063492,D
-0.54726076,-29.820658,B
-28.8369,-14.928745,D
46.29981,0.5233441,A
11.647501,-5.933377,D
-1.0787054,-23.711979,D
31.540348,33.952793,A
-47.375324,-32.280518,A
-51.646362,5.9629536,A
3.6991854,32.697746,A
3.3191676,-11.313601,D
3.728403,32.183014,B
-57.36875,-12.9312935,C
37.48258,20.12464,C
-52.676823,-1.0303807,D
2.674694,14.62838,B
24.08554,-9.163561,B
53.12352,-1.6944305,D
15.734597,2.5754976,B
-4.8670545,-18.352448,D
37.616383,29.264223,A
25.002861,5.524003,B
30.291311,12.388835,C
15.25621,-2.2542374,B
32.958088,9.504253,A
54.68782,22.697336,C
14.113679,3.7884507,A
69.46175,12.3666315,D
27.73795,15.372154,C
-44.075607,0.15344845,B
6.1150374,8.418331,A
-49.0269,12.40569,D
-59.311714,5.3112226,D
-63.297714,-0.8451959,D
-4.752837,-22.318274,A
-46.99317,0.8025485,B
39.590603,30.19222,D
14.138291,28.760117,B
36.262127,34.386066,B
20.335608,-27.169737,A
36.272385,34.20248,A
14.040686,-17.580105,D
-10.590039,0.11060286,D
-56.68362,-17.07721,C
-22.212759,0.19711538,A
37.707233,27.919064,A
-21.42316,45.984077,A
44.303703,28.974691,A
-44.750866,-38.730587,C
57.32893,3.5674965,D
-34.76623,-15.3158655,B
-16.24406,-18.692007,D
-31.100458,12.099652,D
39.67509,-13.498857,B
-16.799582,31.081852,A
-16.05647,-24.631355,C
-43.990154,-22.257467,A
-33.825554,23.413368,D
-20.622984,-13.036083,C
44.28114,-6.203568,D
30.75667,9.271343,D
41.31316,-25.63317,D
-31.203753,2.492155,A
-64.23817,-5.8678493,D
-9.894671,-2.399732,A
-35.991573,23.37343,A
-38.057125,8.878394,A
-34.088543,3.8255532,D
-51.12765,11.035515,D
-30.513004,6.645,A
46.05887,-21.71803,A
4.952673,6.7754354,A
44.072296,28.987722,A
-50.374363,13.066768,B
-43.986794,-22.27607,C
38.501373,36.370197,C
-21.976278,42.226234,B
25.682524,12.191108,D
7.6101766,12.96637,D
-54.48739,6.449759,A
-48.52727,-24.484795,A
-32.93148,-16.614061,A
-21.255894,-22.74339,D
-19.229464,10.213364,B
1.2742794,27.733994,A
51.147987,-10.416849,A
-23.34125,-23.309504,A
-20.212042,-0.06049313,D
24.229292,-7.5856576,A
45.69918,1.078738,D
-35.117153,-14.355924,A
-4.9675503,-21.843082,B
-2.2026708,36.981667,D
41.19021,27.862963,C
-38.550915,-38.67502,D
-17.746202,-5.588138,A
-43.279236,27.056229,C
14.5289545,6.069881,A
-53.93086,-6.0313625,D
-26.22218,-19.924278,A
29.577295,35.40097,A
-46.472942,2.2638862,D
-27.179674,2.389022,C
-34.22517,6.9899626,A
-0.23522538,9.360849,A
-59.313404,5.3083286,D
15.021079,1.8145553,A
43.563057,18.062359,C
28.693201,5.186948,A
41.859394,-20.637457,A
-62.95059,-0.8511227,A
-35.247223,-11.265777,A
16.04808,2.8336182,C
26.37869,10.865395,D
24.740269,-7.1638193,B
48.03383,-19.252172,C
18.160532,27.128904,D
-7.12395,-3.7894194,A
23.661257,-13.3070345,A
41.364155,-18.569145,A
-21.963758,42.984093,D
-24.97291,2.9778993,A
-33.30641,9.040649,D
-30.540392,10.856167,D
42.31552,-19.685062,A
3.4627662,-3.6986065,C
-19.552242,0.022975005,D
-35.23081,-11.268833,D
-29.221945,-15.888144,C
-24.415724,-12.889552,D
1.0646318,29.397408,B
-32.870266,-13.017029,A
39.580326,-13.5469885,C
-34.307045,21.531313,A
38.48108,22.855562,B
-1.5162337,-29.026764,B
1.7752726,26.512539,C
-4.3561497,26.753014,D
47.19396,-17.24554,A
48.72153,-8.971157,D
12.214565,4.3312287,C
-24.054363,-12.85824,B
48.71941,-8.942668,A
-57.24369,-4.6060677,B
49.37382,-4.606674,D
17.393606,7.9877954,B
23.31349,6.2865477,B
39.403656,24.627466,D
20.542019,22.568724,A
34.060513,8.333277,B
8.400651,-0.2000748,D
-8.0155525,-1.9731659,A
-18.901157,-3.9150336,B
2.8655972,-51.40067,B
-15.48688,31.09869,B
9.43587,-48.849148,D
-37.57878,4.4083967,B
-23.44536,0.386837,D
-13.467276,-25.059156,A
-34.062878,0.8420428,A
24.840343,-8.880492,B
48.325348,-20.57477,A
-36.337883,2.5758295,D
-39.68915,-29.12386,C
-48.772915,0.098773345,D
37.057575,28.967104,A
15.754134,-2.3444555,B
17.56997,-31.616869,B
-36.98143,10.340596,B
-33.023335,9.258791,B
-3.273037,15.656029,A
-21.245882,42.37605,A
22.211096,11.662481,A
-34.962257,-5.4854097,B
-17.314445,-22.213612,D
0.94765025,5.907767,A
-26.251774,-19.461636,B
12.837917,-3.7845237,C
-33.98709,12.189002,B
-4.0723677,-1.4902049,A
21.123232,-32.260056,A
12.716304,21.432205,C
-59.147533,3.1921008,B
-64.070435,-6.1109214,D
51.28504,3.025012,A
-56.27393,4.107806,D
-31.215094,2.297447,D
-54.92708,10.129343,D
-51.77623,-10.317784,D
-29.691648,2.9308326,C
-62.78165,-1.6238388,D
-29.697365,2.9219773,B
-38.886303,-37.501972,A
-0.36597687,35.58099,D
-50.263176,-28.018131,A
-17.511288,-14.35657,B
-34.48921,-15.30415,A
-8.5913,12.465621,D
18.016783,26.943825,A
18.870121,-38.510483,D
-20.70464,-17.021809,B
-26.662735,36.877514,C
-30.29946,-12.948115,A
40.338314,28.03954,B
57.836845,23.510536,A
20.375633,-27.253119,C
57.93531,16.96942,D
-46.526276,1.8367879,A
-23.227758,0.350765,B
18.731256,36.605244,C
-31.630796,10.745047,A
11.02269,25.272316,A
21.541756,21.898119,B
49.730713,21.421986,C
-43.819664,-23.322504,B
-24.93075,-12.782961,C
-41.595596,-27.545307,D
-5.9080725,-34.78553,D
-20.750626,-25.150753,A
-35.23081,-11.268833,A
-52.421036,-11.8103895,C
64.24474,6.711906,B
-34.837532,35.62312,D
33.70877,11.297458,B
43.008675,18.644604,B
57.953606,23.024698,D
32.435013,35.213154,B
57.93663,16.968025,A
45.50931,20.095615,C
17.8131,22.052584,D
-24.787289,2.9428542,C
0.016109262,-29.60347,B
47.634426,-18.107327,A
67.37004,0.46189108,C
21.746412,13.259955,B
-19.171362,-4.6913986,A
45.809338,20.872555,A
-40.847317,-37.153046,A
-26.328627,2.2201796,C
1.7022604,28.12538,A
47.02062,0.19012155,C
70.39058,-1.1457173,D
8.056489,-13.639834,B
29.142176,0.86294436,C
45.115818,-25.538157,A
44.832058,19.099579,A
-35.506958,26.253595,A
-0.954276,-31.470438,D
45.792877,-18.717789,C
32.289547,9.123256,B
-1.4496746,-4.8870454,D
46.167664,-22.461998,B
26.614523,-6.6946774,C
42.427177,-11.407489,B
48.919888,23.597548,D
16.946098,-20.394707,B
-44.087994,-28.7934,C
-17.755058,-24.2581,B
37.426956,-15.38266,B
48.968998,-12.901626,D
63.88076,3.3022432,D
-16.933441,29.834631,D
45.27597,-22.22271,B
22.209745,11.543462,A
3.063095,-12.522421,A
30.03112,15.5227585,C
-41.11949,28.371332,D
-55.626534,-9.269771,A
68.829895,12.979822,D
9.261604,-48.928913,D
57.41403,15.954885,D
-25.24179,-21.367737,A
44.732895,28.589886,B
-58.751,-10.880721,A
-1.2787169,-32.899662,D
-32.638355,-21.632215,A
18.798172,25.588806,C
23.865416,-10.159794,A
27.423424,-7.6419983,A
-23.534569,-24.816803,C
12.547195,34.038944,B
21.236826,21.776062,D
48.909508,-14.692456,D
31.499695,0.45484352,A
-26.144758,32.064785,D
48.66131,17.494713,A
30.254501,15.672643,A
23.40827,-8.063759,D
4.701694,-43.561275,C
-48.768906,-22.804451,A
-15.316234,31.59707,B
-43.710842,26.407764,D
-35.72524,-36.944416,A
58.395252,25.490202,D
48.743053,-9.060105,B
13.831478,-36.515644,D
48.34831,-22.277157,C
21.610374,-30.559513,A
21.123203,-32.260063,B
49.258507,-14.7738695,A
-20.598036,-25.398146,D
67.74472,0.05939082,D
39.558628,34.711792,A
19.093468,-39.350475,D
46.21245,-17.378672,C
-16.072199,23.650703,A
-44.30639,-3.6892178,C
-27.5134,26.22791,B
40.04829,-9.43451,C
36.452297,35.058704,C
-26.538574,2.5844412,D
-48.170547,-23.0509,A
-22.699268,30.350769,B
-47.375492,-27.9059,A
-24.146029,45.613327,C
24.495203,-5.5747237,D
32.57807,38.650486,B
37.541832,28.207722,D
26.279408,10.818291,D
41.547314,-4.4621024,A
8.983447,35.80794,C
20.75777,-25.555443,B
22.178608,-31.337214,D
40.403965,-12.894889,D
21.27189,-39.407566,B
21.807833,32.91848,A
-15.91066,26.41464,A
-20.506193,37.21484,D
37.009174,34.641693,A
-53.42598,-5.465572,D
29.681934,-1.275922,C
-3.996155,-32.970875,A
-26.434093,29.867428,D
17.765688,33.839767,B
-40.376896,27.870617,D
-26.539175,-2.4432542,A
-16.082548,-28.034582,C
-29.740131,-14.846365,D
13.891513,-36.606407,D
-20.164959,19.155968,C
-25.142666,38.88855,C
-15.793662,-28.332197,B
26.337137,14.1537,C
44.33451,-9.648972,C
46.78932,-17.818161,B
1.6723187,25.031975,B
50.906387,-0.8605245,A
17.637022,-35.866123,B
-32.030407,-12.123429,D
28.510584,-19.553677,A
-2.4393353,13.860168,A
2.2972662,7.520704,A
8.0099125,0.016245995,C
19.944548,-8.424763,B
8.503533,-0.17371494,B
33.21476,26.305151,D
6.4287014,1.6032468,D
0.6885021,9.664312,A
-48.475056,3.8546271,B
4.841053,3.3046947,A
-31.607916,24.258919,B
-44.569798,-0.79136246,A
0.18064602,-0.109293245,C
10.73019,4.309816,A
-39.909817,-33.16772,A
-16.63792,-0.6584884,A
-28.654905,41.683613,C
-44.4109,-3.3939555,A
-13.306956,-17.257284,C
41.040367,-12.127085,D
-43.929096,0.7672341,A
-48.42318,-5.622814,A
24.682505,4.415123,C
6.8026104,1.683307,D
11.132526,23.93168,D
4.8562884,-4.429541,A
10.912379,-25.22962,A
28.194769,38.89029,D
9.572004,-0.04867968,C
14.4472065,6.264341,C
3.5783777,8.748679,C
15.220469,-40.73216,C
5.12559,-0.3386635,D
0.11616724,-23.77197,A
45.527626,18.213932,C
-32.38294,21.478104,A
2.665037,7.291517,B
0.86907756,13.454598,C
1.0170492,12.766563,D
0.9523215,13.25469,A
0.3798805,14.615798,D
0.2073824,14.586774,D
0.75323546,13.948532,B
-37.50125,2.570349,B
-13.432731,-20.680922,D
35.33409,25.578817,B
-1.8274621,14.366553,C
-45.399784,-1.6485956,B
-52.548035,-16.18227,D
6.5117097,-10.59289,A
5.3022,-10.123698,D
22.336563,-3.7189605,B
47.53452,-5.0530443,D
17.66933,18.166662,A
-43.414165,-35.2377,D
0.8749696,5.9043083,A
-32.41054,19.702526,D
1.7638243,14.2369375,B
-39.732166,22.626621,B
-27.563787,12.332592,D
2.3431895,-43.965626,C
-46.507294,4.163008,D
-0.12147527,13.997467,A
10.591101,4.2387576,A
24.944933,5.577387,A
-43.801205,2.196495,B
2.0785446,-2.1328402,D
2.4763534,9.494018,B
-40.87372,23.326141,B
-48.503933,-4.3297186,A
-30.938776,24.525425,D
-30.634813,24.788794,A
-7.277556,25.093796,B
24.092161,-29.827835,C
23.378702,6.2724214,C
3.2457416,8.205297,B
38.69428,-4.705786,C
14.624734,-39.07649,A
-18.406502,2.8112416,C
24.039051,3.3108273,C
0.11803988,-41.06993,B
45.137,27.010824,C
24.7944,2.0270286,A
42.370003,-11.388515,B
24.520506,6.094551,C
33.935444,31.60857,B
15.650123,32.478287,D
3.2097955,28.182688,A
-43.365273,-35.116776,A
6.4222727,0.3814889,D
25.426027,33.85717,A
42.263626,-14.510453,D
3.3518565,28.831114,C
5.307561,-6.802431,B
-52.548035,-16.18227,B
-6.9753323,-3.389302,A
0.79066074,-22.521257,B
-24.185558,19.592628,D
0.17315583,-41.161316,B
-31.585402,10.740503,C
1.8258208,-44.70901,B
0.79358214,-22.523895,D
32.519176,25.007154,C
0.5082989,-51.549587,A
32.191982,9.851901,C
36.207996,36.518013,D
44.62796,28.602339,D
69.70325,12.735965,A
34.498196,27.948227,A
57.539234,22.84512,B
33.472015,34.63588,C
40.421757,28.033598,B
4.2547355,-45.12222,A
67.03092,10.631683,C
16.700768,26.728794,B
-23.974636,-2.2465584,B
43.31089,33.813522,C
64.9129,16.248625,B
39.487713,28.415892,B
69.64407,1.6858895,A
58.108017,13.413009,D
16.755531,29.655718,B
58.14249,22.786964,A
33.986477,4.002555,A
42.316353,-19.682297,A
36.657776,11.59162,A
4.052386,-51.304646,D
-0.058827907,-49.259907,D
-44.242878,-21.256994,A
26.352633,-6.7612424,B
43.831356,33.73602,D
11.441194,-28.31848,D
37.023144,35.663696,C
14.85688,-3.2673624,B
47.178684,18.537931,B
-5.694863,-42.62944,A
26.023088,34.22435,C
-55.18253,-13.4565325,D
12.672209,34.122204,A
69.700806,1.137612,D
58.345562,25.64852,B
47.99613,-13.039301,B
-35.073746,-14.326354,D
-18.076635,39.61325,D
42.56915,-18.314243,A
10.928349,35.594986,D
52.4152,-18.940142,A
51.880775,-12.742516,B
28.770409,15.139247,A
-12.292583,29.541082,D
-49.652576,-24.149881,D
-58.764023,-10.874049,A
-41.853436,-28.418661,D
26.029549,13.681725,B
3.4185069,-50.933018,B
40.972397,34.657925,D
-63.38081,-2.4433465,D
18.27728,36.363148,C
12.786021,34.221096,D
-28.846518,-0.6211061,D
49.71107,-15.038543,A
-27.38317,39.43482,D
-8.323543,-43.78458,A
11.062699,12.97317,A
1.4305092,7.7926474,C
47.976746,-14.776977,B
68.985435,12.055811,C
-39.95626,21.975763,D
-14.017392,-20.609512,D
53.407322,-2.9140103,C
21.354984,-5.269694,A
-38.19086,26.838501,B
-49.942295,-23.895407,D
15.937519,-25.694971,B
23.874763,-9.684452,C
4.4756293,41.311718,D
28.84651,36.501976,A
7.4857545,-13.331616,D
46.673374,18.993599,C
17.346634,4.8527164,B
16.89593,-35.918056,A
55.51701,22.798801,D
-43.230686,22.736431,A
-29.384531,2.2335453,B
-55.018974,10.201543,D
-36.701588,-12.970976,D
7.6662283,-44.942688,D
0.22816722,15.162846,A
-43.20282,-33.743576,A
-6.07899,15.335049,C
-6.8011646,-3.4251504,A
37.62467,32.656036,A
36.82069,36.83068,A
4.8421035,-43.07463,B
11.896614,31.817978,B
66.356766,14.799039,A
44.857784,-10.159228,A
12.14036,6.6380725,D
-37.465736,4.4891057,D
-56.770657,6.013469,D
21.242802,-42.04873,A
-1.5478247,-27.934214,C
16.918045,-3.5888667,C
-29.161055,-15.933489,A
44.806355,33.679054,D
66.902695,11.434213,D
-23.629436,-23.809471,A
13.209069,34.187874,A
25.398232,-5.419575,B
-41.63617,0.5323112,A
46.353317,-16.55994,B
56.06507,2.3677506,A
-9.343823,-5.906754,C
-27.596975,29.090446,A
-20.178879,42.85415,D
-20.851116,-24.374004,A
-28.310764,-27.488592,A
-28.84575,-10.518687,D
46.41166,18.400356,B
65.98013,11.027598,B
20.35167,22.534819,D
2.641235,8.222915,A
-43.880383,-31.188602,B
44.37317,-5.934877,A
-57.961773,2.8344283,D
-61.127262,-7.6679964,D
20.0632,-8.7212105,D
-59.095684,-10.465929,A
22.531494,-5.0929704,D
-13.337403,-17.207357,C
-18.574406,-28.755432,A
-17.322903,-22.270237,A
33.785995,36.8356,A
2.2963424,-5.4084687,A
-0.26763448,-21.541578,B
-27.616726,25.483778,A
56.549107,2.1501849,C
17.3838,-2.5661137,D
-36.172623,8.378382,B
22.629335,4.2940006,C
0.7542782,-11.360014,A
16.965227,-34.759823,C
70.237816,-1.2122216,D
-17.609823,-25.117714,D
-51.590412,13.207307,A
-54.198544,-17.241323,B
-21.472555,22.377825,C
17.503193,6.645486,A
-0.39331955,-33.59827,A
-59.606064,4.368032,A
-26.236834,-11.986163,D
10.189525,-14.899588,D
1.1847303,-50.783493,C
34.317924,11.3671875,A
1.8620403,26.810589,C
-59.104553,4.9280186,D
56.140713,16.187424,C
40.433216,-12.899627,C
-34.91091,-5.542689,A
40.13496,-16.780529,D
-36.546112,-9.182915,D
-26.399773,-2.494549,A
43.876953,22.31448,B
52.90593,-4.465863,D
44.968376,-11.920214,D
36.359352,-8.537947,A
-5.508993,-41.61665,C
-37.220684,-10.335411,D
37.79708,-9.399533,C
-9.326906,-44.52624,D
65.91304,3.4686718,A
-26.423986,39.64493,D
35.04155,34.261982,D
43.538105,18.03162,D
21.520622,-9.749273,B
-53.58744,0.68853843,D
15.58071,-3.5027385,A
9.55806,-39.808434,A
21.484392,-19.015356,C
1.7947975,-2.492216,A
-23.711172,27.865139,C
6.9920764,29.587618,B
27.5875,6.328632,A
3.7212622,26.805405,A
6.151145,32.313957,B
-6.266031,-28.184624,B
-43.90169,-40.972786,B
18.150095,25.71649,D
-2.1770818,29.005339,A
-12.364232,29.662745,D
-16.758698,31.877644,A
-31.570704,-21.35993,B
24.322971,-7.737998,C
-48.424026,-5.6148677,D
-3.6274023,-27.472717,A
21.060778,22.680117,B
-48.024807,-21.897482,A
-18.95291,41.859207,A
-3.0246255,37.36985,D
-55.565136,-4.5384903,A
0.17500027,-31.90624,D
-21.79044,-25.958496,C
4.9688106,-44.600407,A
34.701202,12.118629,A
-21.32698,-29.032915,A
-51.851025,13.395356,D
-47.490173,2.6530566,D
2.4774873,13.336351,A
-29.480488,41.88494,C
-15.995807,2.5635118,C
6.43048,-0.42712504,A
-15.992882,22.75675,D
38.52724,-10.598148,B
-42.731743,23.687572,A
-29.293833,11.097643,D
0.9063094,38.437595,B
6.5275683,-10.539196,A
9.603407,-39.75264,A
48.314552,-14.742699,A
45.79805,-16.364927,A
38.59998,20.32509,A
5.6182666,-5.42844,C
-47.50154,-32.257782,C
-45.243156,-1.3982903,B
-43.17338,-33.869736,B
20.072107,-8.798317,B
19.36568,-30.198605,A
-18.128414,39.579147,B
7.063805,30.762848,D
-22.809244,-31.593513,B
-1.8720528,-30.512106,A
-0.28758502,35.16774,A
0.30351666,35.074997,C
6.4076157,-9.605553,B
-25.22458,34.46663,A
-24.741936,28.934929,A
0.34976977,-19.055403,A
-27.534626,33.61876,D
-21.366987,25.398592,A
-26.053377,32.17001,D
-30.457096,6.6202435,C
-46.25657,4.040854,D
-46.61387,2.5560327,D
22.409702,12.296417,C
0.4482465,-40.310684,A
-37.41581,3.26993,A
-47.408577,0.7555674,A
-44.004997,4.1459823,B
-46.709496,-3.8061452,A
9.388555,1.264698,A
1.9220841,-1.8798836,D
-32.967392,24.553637,C
11.434407,26.960964,A
1.1663034,11.923471,C
34.503162,27.175343,A
-39.842705,-40.522274,A
-19.681328,-12.907206,B
-31.37267,-23.549152,D
-26.638287,36.252594,D
15.180241,36.718716,A
38.29025,-19.352642,B
-20.729872,-17.267006,B
-5.3062325,-21.10493,A
-41.634502,25.510767,A
-25.143227,40.28547,D
-0.24288507,26.910902,A
18.700466,36.53764,A
-15.403164,26.544483,A
-20.052826,43.778996,B
30.612162,35.154285,A
37.755463,-22.636934,D
-25.475685,30.503437,D
-24.851662,42.550797,D
-16.709866,28.568827,D
-27.447021,32.68508,A
-49.723938,-27.712223,A
-32.237423,-21.380339,D
-18.908497,42.18171,D
2.6885226,27.393255,A
-15.199356,26.521132,A
-25.338589,37.97936,A
16.027246,-25.484472,D
43.05128,-21.216162,B
-20.966013,-26.37481,C
-27.715244,-24.273745,A
-24.540117,42.938583,B
-18.87247,-23.724731,A
20.228834,-35.23385,B
-1.7408835,38.198612,A
-23.957571,44.020412,D
32.902073,32.533447,A
-15.499856,31.026243,A
-40.81298,-35.787403,B
19.432026,-32.87513,B
23.811937,-5.9410768,C
0.7196143,-11.353453,A
-59.089794,4.180012,D
-25.353157,-2.3778036,C
-3.6562908,34.290653,B
10.660797,-37.921932,A
-4.817305,-25.966703,A
-4.87146,-28.750107,C
4.1238794,-45.60989,B
63.183907,0.9312605,C
43.06946,27.331144,A
-0.6820642,41.680355,A
7.4239807,-12.672177,A
8.409102,-13.916218,B
48.625725,-14.716712,B
0.29051715,4.3735,A
6.4455767,-10.213352,D
52.37134,-3.4410067,B
2.7603693,-25.143377,C
-9.8982,-6.212411,D
-9.532601,-3.2737668,A
-5.566247,-43.22566,A
-21.248085,8.686195,D
5.479333,31.941254,A
-41.654655,28.087528,D
-33.537876,1.6886,B
16.957851,-20.38984,B
34.718754,12.19735,C
-5.227938,-41.702694,A
-8.033131,1.0127968,A
24.634466,-5.573842,D
2.7065299,-50.265846,A
24.09982,-4.5457625,C
5.3398952,-13.679982,B
-6.994675,-2.6380093,D
-21.019323,-25.38296,C
-39.231087,-36.766167,B
-35.109337,0.9051403,D
-33.509655,13.069186,A
-23.182596,-21.048075,A
56.763714,15.304596,B
15.181344,-18.055801,D
5.5058813,-21.064203,C
37.792522,-19.063824,A
5.659836,8.485854,A
-3.567155,15.389762,B
14.617751,-1.5714757,B
-26.809198,-2.1678135,A
17.561674,-2.662377,A
40.582195,-8.814719,C
10.65499,28.280993,B
-0.014257227,30.830618,D
16.716114,6.4902334,D
-1.6295272,-24.194952,A
58.378174,25.556995,C
28.54289,10.051449,A
48.19755,-14.2724,B
4.3506126,-43.841595,B
32.902283,0.23902643,D
13.500775,27.477695,B
16.035763,12.502914,D
37.400547,-10.994864,A
10.638348,28.235075,A
44.762745,29.813276,D
53.21446,-2.995487,C
20.250393,-35.607677,C
-57.322292,7.2109475,A
-36.543694,16.188072,D
15.215045,-40.70603,D
-51.626297,13.71161,A
48.86794,-13.2337,D
2.4090834,36.35726,B
42.357136,-13.157646,D
-6.2649493,-32.08132,B
-48.570877,-1.4530411,A
-50.367546,13.128653,D
5.794528,-25.97436,C
-51.626217,13.711979,D
-28.684908,2.0371206,A
14.664176,-32.609245,D
42.289707,-13.957403,A
-50.196472,-9.437039,C
10.174921,-48.502304,B
-34.527298,8.325622,D
-20.75272,6.724389,B
-4.6915317,28.85497,D
-37.016655,10.415985,D
44.246635,-9.53191,D
35.798965,-16.451864,B
-48.320423,13.400718,A
-32.62459,19.942793,D
67.95306,1.4874007,C
-30.828655,11.330944,A
5.7109027,-26.010931,C
22.303785,11.002456,C
-59.349003,4.1025047,D
0.6827363,-25.450846,A
-5.965797,-35.118404,B
-4.0153146,24.189194,B
-26.876308,2.0484228,D
-11.829353,1.9612833,D
-28.644455,41.653465,C
14.695467,-16.103346,D
-18.408388,2.8643932,A
-53.13927,1.9066061,A
-29.329638,11.168543,D
-7.1462765,-3.3417468,C
26.80065,16.28838,A
25.114052,33.657238,B
-3.3206832,-36.488453,D
-49.16381,-26.312347,A
-17.20111,-16.50835,C
5.7982173,-25.973911,C
49.222527,-13.288689,A
42.9599,33.320026,B
64.167404,-2.166912,B
17.725737,23.894773,C
-4.2112565,26.685783,D
22.289782,22.027544,B
45.259144,-2.1705143,A
16.710455,29.710546,A
37.899,-22.845026,D
38.274773,-23.356668,B
35.450153,-10.292433,C
-5.954964,2.3710918,D
45.276966,-1.3203799,A
-55.215435,0.20711379,B
14.237249,7.75105,B
15.183397,1.8655664,B
30.314684,9.19443,D
-20.81585,-13.036783,C
17.830389,-20.534855,B
0.30693367,-49.89547,A
28.598639,5.258096,A
22.409554,-38.48898,D
2.1871104,-44.62452,C
41.25143,-7.849814,A
-2.3928523,-3.6541235,B
-4.0751314,-1.5361582,D
9.984251,-10.90328,D
-2.5286736,-31.919727,A
-32.075607,-21.389036,D
-5.8321695,-21.563942,D
4.715515,39.599033,A
-4.988872,32.99593,B
-33.162052,-12.678561,D
35.422836,-8.282882,A
-36.688972,16.682493,D
38.430107,-8.736116,A
-42.863697,-19.113125,B
-19.439127,25.575638,A
39.859856,-8.946131,D
-48.708984,-30.665445,D
4.1635833,34.53557,D
24.65737,-3.2211454,B
69.223305,0.7249975,C
57.41413,15.954658,C
46.364296,-0.31024587,B
26.096918,1.5638615,B
-53.163776,2.0073333,A
-62.78165,-1.6238388,D
-19.623098,0.00075540226,A
-49.422356,11.984759,B
-11.475897,-5.8979836,D
-59.656616,5.6699023,B
-27.194117,-28.172684,D
-15.084729,30.463648,D
-48.320103,0.65023154,B
57.500423,22.475477,D
-41.062458,-25.432098,A
-11.813515,30.79902,A
-36.980034,10.9187,A
-11.858073,1.9725317,D
7.3367224,-12.417591,D
16.714554,-25.254982,C
-63.721096,-1.0964743,D
-35.671783,25.008385,A
-26.986412,6.847523,A
20.354092,26.376238,A
-29.588247,3.24142,D
-64.524,-4.4569025,C
-35.616966,25.28528,D
56.60049,2.3066366,C
23.431156,0.50229454,B
-1.3689555,-19.096506,B
-40.978924,26.11148,A
21.325762,-5.1915746,D
-39.905502,25.653479,D
22.2534,-36.547646,A
-56.98077,6.6147223,A
22.016102,22.045286,B
-24.863245,-26.198853,B
-33.377705,21.396875,D
41.969387,-26.474321,D
8.712465,-43.84189,A
55.493237,24.993992,D
-29.051596,3.389677,C
-18.450506,2.8940566,B
25.890368,13.3554735,D
-3.9538543,-19.936283,D
-36.45658,15.98686,A
-29.421062,2.4586942,D
-62.481277,-0.98360246,D
-48.59409,-1.6945043,D
-18.280628,31.203072,D
46.687912,-13.695885,C
30.498701,-0.2020476,D
4.934123,-42.34973,A
5.366611,-21.04423,A
53.975243,-2.6530044,A
44.084698,33.694046,A
-0.4394053,-41.019928,B
14.247694,28.878603,A
67.42026,1.182895,A
-0.15886235,-21.11973,D
45.24855,-2.303891,D
-18.540688,4.2526274,A
-63.98945,-4.220304,D
66.621346,10.578604,D
-41.940937,-10.481072,D
-33.958282,-18.257893,D
-35.33071,-14.475929,D
16.32959,-26.588448,A
38.169807,-11.031059,A
44.32112,-16.504917,D
-25.141611,3.3171887,D
32.357407,0.6580345,D
-4.563554,-41.08811,D
-29.557495,-11.5430155,A
-4.5241466,-42.006844,A
2.8655972,-51.40067,C
10.269782,32.803864,D
13.152133,-18.569235,A
-55.39529,-8.671234,D
28.164997,1.2182677,A
4.049657,-45.112045,A
-1.275037,-43.355762,A
24.71919,-3.9271698,A
-26.699646,3.6565418,D
-5.5035744,-18.46792,A
-4.9593906,-26.478582,B
0.59672827,-23.659702,A
-19.58585,0.011174685,A
-63.952446,-2.1332328,D
-49.07072,-2.554988,D
21.051405,-37.732082,A
-62.607628,-2.7275794,D
-46.72509,1.9520755,D
57.158688,23.45857,A
45.659824,28.777933,A
15.5636635,-18.419859,A
42.241776,-14.468077,D
-0.16483544,26.386873,C
-49.79914,13.856576,A
-33.932102,38.665565,C
-34.206753,38.475334,D
36.262127,34.386066,A
23.408556,-8.064372,B
-9.408385,-6.8566694,A
-17.526676,-1.1343836,D
1.6002598,39.369724,C
19.267382,-38.89114,B
-38.2298,-40.461964,B
16.920147,-20.2673,C
20.83887,-38.44714,D
0.4191445,30.091331,C
5.2246437,-13.804312,A
30.77051,16.889751,C
-43.072056,22.992617,A
-34.240215,37.71694,D
-63.59922,-4.622228,D
-47.129333,14.66033,D
55.25927,16.379957,D
0.87345654,29.207233,A
56.92968,15.818701,A
52.06298,-1.9146776,B
13.4731455,36.675674,A
11.079808,-12.801873,B
-1.5171572,-33.572067,C
46.462738,-21.075989,C
26.790426,-7.9375014,C
17.518547,-37.217003,B
4.2290587,34.760513,C
-0.7833001,31.204914,B
27.477436,15.195386,D
16.75808,29.668427,C
-20.859095,43.726326,D
52.426304,-18.980692,C
-49.229126,-24.528921,A
-33.890366,-5.610219,A
31.586891,13.010007,A
-32.371197,6.3668823,D
-36.181488,-30.629288,D
7.507421,40.54625,D
-22.316698,0.24607763,B
-29.274458,-24.761665,B
-34.2244,6.9860497,B
-36.723232,9.269011,D
-45.689003,21.316732,B
45.339123,28.59413,A
-20.909618,20.396381,A
24.329414,-9.086449,A
-14.011923,28.512169,B
8.152546,13.292386,D
18.657478,-32.57891,A
35.381367,7.836062,A
-41.0998,-27.903177,A
17.174128,-42.134453,A
-36.807728,-15.276786,C
13.124876,34.575756,C
7.6462502,-44.88705,A
-23.712946,-4.8257194,D
23.974356,2.9830291,A
19.454855,-39.64348,D
-35.6828,-37.2556,D
3.7442653,-51.45246,A
29.496025,-4.7401466,C
43.059692,33.869118,B
35.973976,25.476202,D
11.896986,-27.075935,D
11.791408,-1.3097697,D
4.216926,-44.255287,C
2.1686313,5.324695,C
-5.9701967,-35.648148,C
8.451435,-0.24154666,A
-5.8039722,-34.259354,B
-33.932087,38.66557,A
-25.36631,-20.460566,D
-23.425987,-6.155563,D
15.449524,-18.305359,B
-33.81241,37.81129,A
-41.137672,-28.711824,A
0.54715383,-31.426247,C
28.461752,38.80279,A
-25.167006,3.101298,A
17.033546,34.62264,C
14.299521,7.695692,C
-20.172647,-1.885626,C
29.08632,4.8402205,C
16.880413,25.660318,A
-16.75062,31.550678,B
17.384806,-24.03233,D
23.12915,-6.6215568,A
-37.550724,-34.190945,D
52.198055,-3.5859914,A
21.386356,-42.054558,C
-31.796339,-7.3606706,D
-1.5361835,-4.9353313,D
50.174263,0.9047739,C
-24.174486,-16.23224,D
-28.83995,-27.182257,D
68.011444,12.540888,D
-21.650658,42.005116,D
48.748535,-9.089209,D
-19.53921,45.926826,D
-60.152775,5.6043606,C
-52.361355,-11.673702,D
-21.144083,-29.889454,A
-13.456945,-25.1367,D
-34.841476,27.708187,C
-22.290787,0.21823163,D
-21.308138,43.323833,A
-54.636013,-7.1628504,A
-21.230896,0.11206511,A
-50.529545,12.493844,A
-38.7629,27.925774,A
-17.327974,3.8273807,D
3.6618898,-51.820652,B
-49.33386,-26.41176,D
21.316954,-23.359245,B
22.418228,11.031647,A
-31.223309,2.0913677,A
38.046783,-10.958125,D
-0.5440568,-30.550165,D
-1.2061758,-42.7546,D
29.919771,-0.9247122,A
-13.757645,-15.503591,A
55.787666,22.218243,A
-0.09052823,-32.447163,B
23.312782,-9.471695,A
16.47806,6.663184,C
-35.631718,-37.65041,C
12.251995,-26.24928,A
41.61087,-22.134773,C
66.817444,12.10442,A
-20.3378,-17.582104,C
-36.23609,-9.770701,D
32.460064,13.464434,A
2.479569,-50.40964,D
2.8655972,-51.40067,A
27.596888,11.6890955,A
37.37986,35.10668,A
-60.14625,3.150122,D
20.406569,-36.33253,B
48.590668,-12.855569,C
20.863949,22.655718,C
-40.878044,-37.6328,D
3.972588,-49.78569,B
-19.376354,28.529274,D
-49.761135,-27.610811,B
-4.4822154,26.262583,D
46.81256,-22.47197,D
-40.8118,-38.41506,C
-54.18527,-17.391903,A
-55.14255,-12.002914,B
47.523914,-14.7092085,A
7.887565,-13.32942,D
12.535751,-25.7812,D
11.077946,25.497944,D
-4.283809,-40.5556,B
-32.462696,-21.63239,D
-0.42372343,-29.364832,A
17.649862,1.150567,C
46.305885,-21.793356,D
18.518871,-38.01826,B
-44.141945,-28.784555,D
69.72438,11.535587,C
-22.641504,21.292336,D
-40.878044,-37.6328,B
29.187706,16.001125,A
0.8493987,-30.084253,B
5.153939,40.158916,C
-4.7321353,-42.973434,A
1.2484372,-27.825035,C
-18.833643,41.94706,A
36.01168,29.661913,C
-33.577442,-8.341836,A
35.984444,36.175915,D
13.144437,33.63884,A
-33.97855,12.203124,D
32.52642,36.562527,A
-57.451687,7.21073,D
38.94625,13.369996,D
28.170153,14.808714,B
37.73113,33.8584,D
6.1929445,1.4516667,A
36.113846,-16.222973,B
-2.33171,-24.695194,D
37.652344,35.396946,A
20.58709,-31.675241,A
49.06518,0.20753364,D
-26.245968,-19.483706,D
-9.388883,1.7260594,D
21.70066,-30.769823,D
18.04542,-19.017414,C
16.106096,-20.665636,A
-36.783592,-31.639778,A
-55.32748,-8.547612,D
1.3382846,28.732044,B
5.0407324,-52.840763,A
66.099594,-0.047284305,A
30.724197,6.7710233,C
33.68823,4.6499996,A
-13.700199,29.77721,B
46.654774,-21.806116,B
38.753227,12.692735,A
22.286533,-36.815243,B
-60.144337,5.6183963,D
-41.27968,26.572556,A
31.47566,0.24209863,B
-12.135053,28.716953,A
-43.88296,-22.273308,B
33.69105,11.004318,C
-52.728664,-12.748803,B
-4.0438395,26.609568,B
-32.75817,-21.662252,A
5.6481156,-5.4278083,C
-39.477535,22.426863,D
-13.918011,28.38423,D
-59.730003,-9.708161,A
-6.6827364,-41.780052,A
11.762978,-48.07199,D
17.079409,8.7075405,B
-1.8642212,25.80469,A
4.3627543,-50.812374,B
48.845467,18.763336,C
17.682419,-37.397713,D
-20.963364,43.42521,A
14.390007,28.979122,C
-15.440865,33.762707,B
53.59059,-2.828517,B
-54.076702,1.0103625,D
-53.95547,0.924108,A
27.421867,-7.7718964,B
33.69243,35.371407,C
32.521915,34.97875,C
5.4318943,40.822685,A
58.029907,16.12478,A
39.15572,28.62087,B
-56.252163,-13.45441,A
44.391697,-9.698791,C
20.169918,32.319904,A
-23.178549,28.595665,C
34.48601,25.57497,B
32.675735,38.242546,B
41.99853,34.015667,D
38.694107,-4.7057767,D
17.835085,-31.815392,A
46.045776,-14.572484,D
63.45227,17.122894,C
-25.502945,32.93118,C
32.619194,34.80739,A
-43.873615,-31.193392,C
1.3231766,-4.965757,B
57.158833,23.457922,A
25.280045,29.773771,C
5.4816885,9.284258,A
24.722776,-3.2379322,A
27.244478,35.18812,A
58.496414,22.008041,D
-43.848625,-23.227427,D
8.977017,35.842575,B
52.28291,-18.305578,C
-63.683727,-2.2985,D
-48.522858,-1.3460915,B
-53.01301,8.440105,D
-18.69405,-28.831375,A
-26.8454,7.470048,D
32.037994,-1.373857,C
-17.874369,-18.711275,A
-17.959612,-1.2310672,D
30.53015,0.55898404,A
-56.985348,6.612207,B
-19.09758,-3.8208108,D
52.825214,-4.544579,A
9.044078,35.62604,D
46.144394,18.775974,C
46.654774,-21.806116,B
-35.60822,-37.831913,B
14.655524,-16.187689,B
-0.71455395,-34.58954,C
-34.6787,0.09657204,C
37.410988,-15.543561,B
30.441513,15.856751,D
-15.394263,31.99732,A
-4.2435536,-23.0859,A
-20.367851,44.7427,C
20.766361,-37.179775,C
-29.668125,-25.851944,A
-31.834476,9.044837,D
66.0378,11.201636,C
-13.468058,-20.874813,D
52.862087,3.4624608,A
15.896544,35.583054,C
52.641087,-3.2760878,A
43.56769,-21.477842,D
-20.915186,-23.925306,D
42.555298,-20.981384,A
-54.1006,-6.0437922,D
-31.554138,-8.470198,A
-53.394016,-5.451422,D
29.455576,16.14817,A
-34.883667,-14.185581,A
-1.534153,-34.358536,B
-29.54641,-11.519864,A
-21.672203,44.048286,D
37.39438,33.465115,B
20.364613,-23.957464,B
15.924211,-36.797207,B
-26.947052,-1.8269994,B
-36.699417,-13.0011835,A
-27.051546,28.877554,D
40.949333,-19.158648,C
24.399773,-10.340043,C
-28.671667,2.2550697,A
-27.402657,2.7650514,D
-21.774618,-24.660616,C
-3.8917139,23.765512,C
-32.729218,28.413885,D
0.9100966,-30.838768,A
-27.627918,3.276465,A
-47.82824,0.8127794,D
-28.880995,-27.666096,D
-40.088593,25.664597,B
-20.28064,-17.203785,A
-26.821499,-28.228125,C
33.581192,31.288488,C
-26.473251,38.70945,A
